fixture,fixture_family,load_case,V_deg,output,candidate,source_bar_id,ref,calc,signed_error,rel_error,sign_agreement
section0,annular,201,0.0,strain_mild,A_force_governing_total_legacy,S1,-7.3,-7.325566474772397,-0.02556647477239693,0.003502256818136566,1.0
section0,annular,201,0.0,strain_mild,B_abs_strain_governing_total_legacy,S1,-7.3,-7.325566474772397,-0.02556647477239693,0.003502256818136566,1.0
section0,annular,201,0.0,strain_mild,C_max_tensile_total_internal,S1,-7.3,7.325566474772397,14.625566474772397,2.0035022568181367,0.0
section0,annular,201,0.0,strain_mild,D_max_compressive_total_internal,S10,-7.3,-2.970077165570582,4.329922834429418,0.5931401143053997,1.0
section0,annular,201,0.0,strain_mild,E_nearest_extreme_compression_total_internal,S10,-7.3,-2.970077165570582,4.329922834429418,0.5931401143053997,1.0
section0,annular,201,0.0,strain_mild,F_nearest_extreme_tension_total_internal,S1,-7.3,7.325566474772397,14.625566474772397,2.0035022568181367,0.0
section0,annular,201,0.0,strain_mild,G_max_algebraic_legacy_converted_total,S10,-7.3,2.970077165570582,10.270077165570582,1.4068598856946002,0.0
section0,annular,201,0.0,strain_mild,H_min_algebraic_legacy_converted_total,S1,-7.3,-7.325566474772397,-0.02556647477239693,0.003502256818136566,1.0
section0,annular,201,45.0,strain_mild,A_force_governing_total_legacy,S1,-7.199999999999999,-5.745440468668548,1.4545595313314514,0.20202215712936827,1.0
section0,annular,201,45.0,strain_mild,B_abs_strain_governing_total_legacy,S17,-7.199999999999999,-7.225989115148879,-0.025989115148879804,0.0036095993262333067,1.0
section0,annular,201,45.0,strain_mild,C_max_tensile_total_internal,S17,-7.199999999999999,7.225989115148879,14.425989115148878,2.0036095993262335,0.0
section0,annular,201,45.0,strain_mild,D_max_compressive_total_internal,S8,-7.199999999999999,-2.978079973542904,4.221920026457095,0.5863777814523744,1.0
section0,annular,201,45.0,strain_mild,E_nearest_extreme_compression_total_internal,S8,-7.199999999999999,-2.978079973542904,4.221920026457095,0.5863777814523744,1.0
section0,annular,201,45.0,strain_mild,F_nearest_extreme_tension_total_internal,S17,-7.199999999999999,7.225989115148879,14.425989115148878,2.0036095993262335,0.0
section0,annular,201,45.0,strain_mild,G_max_algebraic_legacy_converted_total,S8,-7.199999999999999,2.978079973542904,10.178079973542904,1.4136222185476257,0.0
section0,annular,201,45.0,strain_mild,H_min_algebraic_legacy_converted_total,S17,-7.199999999999999,-7.225989115148879,-0.025989115148879804,0.0036095993262333067,1.0
section0,annular,201,90.0,strain_mild,A_force_governing_total_legacy,S1,-7.1,-2.1026643604032467,4.997335639596753,0.7038500900840498,1.0
section0,annular,201,90.0,strain_mild,B_abs_strain_governing_total_legacy,S14,-7.1,-7.107711189030147,-0.007711189030147558,0.001086082961992614,1.0
section0,annular,201,90.0,strain_mild,C_max_tensile_total_internal,S14,-7.1,7.107711189030147,14.207711189030146,2.0010860829619923,0.0
section0,annular,201,90.0,strain_mild,D_max_compressive_total_internal,S5,-7.1,-2.902382468223654,4.197617531776346,0.5912137368699079,1.0
section0,annular,201,90.0,strain_mild,E_nearest_extreme_compression_total_internal,S5,-7.1,-2.902382468223654,4.197617531776346,0.5912137368699079,1.0
section0,annular,201,90.0,strain_mild,F_nearest_extreme_tension_total_internal,S14,-7.1,7.107711189030147,14.207711189030146,2.0010860829619923,0.0
section0,annular,201,90.0,strain_mild,G_max_algebraic_legacy_converted_total,S5,-7.1,2.902382468223654,10.002382468223654,1.4087862631300923,0.0
section0,annular,201,90.0,strain_mild,H_min_algebraic_legacy_converted_total,S14,-7.1,-7.107711189030147,-0.007711189030147558,0.001086082961992614,1.0
section0,annular,201,135.0,strain_mild,A_force_governing_total_legacy,S2,-7.199999999999999,2.5094170926426553,9.709417092642655,1.3485301517559243,0.0
section0,annular,201,135.0,strain_mild,B_abs_strain_governing_total_legacy,S12,-7.199999999999999,-7.225989115148879,-0.025989115148879804,0.0036095993262333067,1.0
section0,annular,201,135.0,strain_mild,C_max_tensile_total_internal,S12,-7.199999999999999,7.225989115148879,14.425989115148878,2.0036095993262335,0.0
section0,annular,201,135.0,strain_mild,D_max_compressive_total_internal,S3,-7.199999999999999,-2.978079973542904,4.221920026457095,0.5863777814523744,1.0
section0,annular,201,135.0,strain_mild,E_nearest_extreme_compression_total_internal,S3,-7.199999999999999,-2.978079973542904,4.221920026457095,0.5863777814523744,1.0
section0,annular,201,135.0,strain_mild,F_nearest_extreme_tension_total_internal,S12,-7.199999999999999,7.225989115148879,14.425989115148878,2.0036095993262335,0.0
section0,annular,201,135.0,strain_mild,G_max_algebraic_legacy_converted_total,S3,-7.199999999999999,2.978079973542904,10.178079973542904,1.4136222185476257,0.0
section0,annular,201,135.0,strain_mild,H_min_algebraic_legacy_converted_total,S12,-7.199999999999999,-7.225989115148879,-0.025989115148879804,0.0036095993262333067,1.0
section0,annular,201,180.0,strain_mild,A_force_governing_total_legacy,S1,-7.3,2.970077165570582,10.270077165570582,1.4068598856946002,0.0
section0,annular,201,180.0,strain_mild,B_abs_strain_governing_total_legacy,S10,-7.3,-7.325566474772398,-0.025566474772397818,0.0035022568181366873,1.0
section0,annular,201,180.0,strain_mild,C_max_tensile_total_internal,S10,-7.3,7.325566474772398,14.625566474772398,2.0035022568181367,0.0
section0,annular,201,180.0,strain_mild,D_max_compressive_total_internal,S1,-7.3,-2.970077165570582,4.329922834429418,0.5931401143053997,1.0
section0,annular,201,180.0,strain_mild,E_nearest_extreme_compression_total_internal,S1,-7.3,-2.970077165570582,4.329922834429418,0.5931401143053997,1.0
section0,annular,201,180.0,strain_mild,F_nearest_extreme_tension_total_internal,S10,-7.3,7.325566474772398,14.625566474772398,2.0035022568181367,0.0
section0,annular,201,180.0,strain_mild,G_max_algebraic_legacy_converted_total,S1,-7.3,2.970077165570582,10.270077165570582,1.4068598856946002,0.0
section0,annular,201,180.0,strain_mild,H_min_algebraic_legacy_converted_total,S10,-7.3,-7.325566474772398,-0.025566474772397818,0.0035022568181366873,1.0
section0,annular,201,225.0,strain_mild,A_force_governing_total_legacy,S4,-7.199999999999999,-3.4447317806127784,3.755268219387221,0.5215650304704474,1.0
section0,annular,201,225.0,strain_mild,B_abs_strain_governing_total_legacy,S8,-7.199999999999999,-7.225989115148878,-0.025989115148878916,0.003609599326233183,1.0
section0,annular,201,225.0,strain_mild,C_max_tensile_total_internal,S8,-7.199999999999999,7.225989115148878,14.425989115148877,2.003609599326233,0.0
section0,annular,201,225.0,strain_mild,D_max_compressive_total_internal,S17,-7.199999999999999,-2.9780799735429047,4.221920026457095,0.5863777814523744,1.0
section0,annular,201,225.0,strain_mild,E_nearest_extreme_compression_total_internal,S17,-7.199999999999999,-2.9780799735429047,4.221920026457095,0.5863777814523744,1.0
section0,annular,201,225.0,strain_mild,F_nearest_extreme_tension_total_internal,S8,-7.199999999999999,7.225989115148878,14.425989115148877,2.003609599326233,0.0
section0,annular,201,225.0,strain_mild,G_max_algebraic_legacy_converted_total,S17,-7.199999999999999,2.9780799735429047,10.178079973542904,1.4136222185476257,0.0
section0,annular,201,225.0,strain_mild,H_min_algebraic_legacy_converted_total,S8,-7.199999999999999,-7.225989115148878,-0.025989115148878916,0.003609599326233183,1.0
section0,annular,201,270.0,strain_mild,A_force_governing_total_legacy,S1,-7.1,-2.102664360403246,4.997335639596754,0.7038500900840499,1.0
section0,annular,201,270.0,strain_mild,B_abs_strain_governing_total_legacy,S5,-7.1,-7.107711189030147,-0.007711189030147558,0.001086082961992614,1.0
section0,annular,201,270.0,strain_mild,C_max_tensile_total_internal,S5,-7.1,7.107711189030147,14.207711189030146,2.0010860829619923,0.0
section0,annular,201,270.0,strain_mild,D_max_compressive_total_internal,S14,-7.1,-2.902382468223654,4.197617531776346,0.5912137368699079,1.0
section0,annular,201,270.0,strain_mild,E_nearest_extreme_compression_total_internal,S14,-7.1,-2.902382468223654,4.197617531776346,0.5912137368699079,1.0
section0,annular,201,270.0,strain_mild,F_nearest_extreme_tension_total_internal,S5,-7.1,7.107711189030147,14.207711189030146,2.0010860829619923,0.0
section0,annular,201,270.0,strain_mild,G_max_algebraic_legacy_converted_total,S14,-7.1,2.902382468223654,10.002382468223654,1.4087862631300923,0.0
section0,annular,201,270.0,strain_mild,H_min_algebraic_legacy_converted_total,S5,-7.1,-7.107711189030147,-0.007711189030147558,0.001086082961992614,1.0
section0,annular,201,315.0,strain_mild,A_force_governing_total_legacy,S1,-7.199999999999999,-5.74544046866855,1.4545595313314497,0.20202215712936802,1.0
section0,annular,201,315.0,strain_mild,B_abs_strain_governing_total_legacy,S3,-7.199999999999999,-7.22598911514888,-0.025989115148880693,0.00360959932623343,1.0
section0,annular,201,315.0,strain_mild,C_max_tensile_total_internal,S3,-7.199999999999999,7.22598911514888,14.42598911514888,2.0036095993262335,0.0
section0,annular,201,315.0,strain_mild,D_max_compressive_total_internal,S12,-7.199999999999999,-2.978079973542904,4.221920026457095,0.5863777814523744,1.0
section0,annular,201,315.0,strain_mild,E_nearest_extreme_compression_total_internal,S12,-7.199999999999999,-2.978079973542904,4.221920026457095,0.5863777814523744,1.0
section0,annular,201,315.0,strain_mild,F_nearest_extreme_tension_total_internal,S3,-7.199999999999999,7.22598911514888,14.42598911514888,2.0036095993262335,0.0
section0,annular,201,315.0,strain_mild,G_max_algebraic_legacy_converted_total,S12,-7.199999999999999,2.978079973542904,10.178079973542904,1.4136222185476257,0.0
section0,annular,201,315.0,strain_mild,H_min_algebraic_legacy_converted_total,S3,-7.199999999999999,-7.22598911514888,-0.025989115148880693,0.00360959932623343,1.0
section0,annular,201,360.0,strain_mild,A_force_governing_total_legacy,S1,-7.3,-7.325566474772397,-0.02556647477239693,0.003502256818136566,1.0
section0,annular,201,360.0,strain_mild,B_abs_strain_governing_total_legacy,S1,-7.3,-7.325566474772397,-0.02556647477239693,0.003502256818136566,1.0
section0,annular,201,360.0,strain_mild,C_max_tensile_total_internal,S1,-7.3,7.325566474772397,14.625566474772397,2.0035022568181367,0.0
section0,annular,201,360.0,strain_mild,D_max_compressive_total_internal,S10,-7.3,-2.970077165570582,4.329922834429418,0.5931401143053997,1.0
section0,annular,201,360.0,strain_mild,E_nearest_extreme_compression_total_internal,S10,-7.3,-2.970077165570582,4.329922834429418,0.5931401143053997,1.0
section0,annular,201,360.0,strain_mild,F_nearest_extreme_tension_total_internal,S1,-7.3,7.325566474772397,14.625566474772397,2.0035022568181367,0.0
section0,annular,201,360.0,strain_mild,G_max_algebraic_legacy_converted_total,S10,-7.3,2.970077165570582,10.270077165570582,1.4068598856946002,0.0
section0,annular,201,360.0,strain_mild,H_min_algebraic_legacy_converted_total,S1,-7.3,-7.325566474772397,-0.02556647477239693,0.003502256818136566,1.0
sectioniv,annular,202,0.0,strain_mild,A_force_governing_total_legacy,S1,-6.4,-6.43365345815917,-0.033653458159169425,0.005258352837370223,1.0
sectioniv,annular,202,0.0,strain_mild,B_abs_strain_governing_total_legacy,S1,-6.4,-6.43365345815917,-0.033653458159169425,0.005258352837370223,1.0
sectioniv,annular,202,0.0,strain_mild,C_max_tensile_total_internal,S1,-6.4,6.43365345815917,12.83365345815917,2.00525835283737,0.0
sectioniv,annular,202,0.0,strain_mild,D_max_compressive_total_internal,S10,-6.4,-2.889552022124297,3.510447977875703,0.5485074965430786,1.0
sectioniv,annular,202,0.0,strain_mild,E_nearest_extreme_compression_total_internal,S10,-6.4,-2.889552022124297,3.510447977875703,0.5485074965430786,1.0
sectioniv,annular,202,0.0,strain_mild,F_nearest_extreme_tension_total_internal,S1,-6.4,6.43365345815917,12.83365345815917,2.00525835283737,0.0
sectioniv,annular,202,0.0,strain_mild,G_max_algebraic_legacy_converted_total,S10,-6.4,2.889552022124297,9.289552022124298,1.4514925034569215,0.0
sectioniv,annular,202,0.0,strain_mild,H_min_algebraic_legacy_converted_total,S1,-6.4,-6.43365345815917,-0.033653458159169425,0.005258352837370223,1.0
sectioniv,annular,202,45.0,strain_mild,A_force_governing_total_legacy,S1,-6.4,-5.027234134092724,1.3727658659072768,0.214494666548012,1.0
sectioniv,annular,202,45.0,strain_mild,B_abs_strain_governing_total_legacy,S17,-6.4,-6.372264939317148,0.027735060682852364,0.004333603231695682,1.0
sectioniv,annular,202,45.0,strain_mild,C_max_tensile_total_internal,S17,-6.4,6.372264939317148,12.772264939317148,1.9956663967683044,0.0
sectioniv,annular,202,45.0,strain_mild,D_max_compressive_total_internal,S8,-6.4,-2.899306630676469,3.5006933693235314,0.5469833389568017,1.0
sectioniv,annular,202,45.0,strain_mild,E_nearest_extreme_compression_total_internal,S8,-6.4,-2.899306630676469,3.5006933693235314,0.5469833389568017,1.0
sectioniv,annular,202,45.0,strain_mild,F_nearest_extreme_tension_total_internal,S17,-6.4,6.372264939317148,12.772264939317148,1.9956663967683044,0.0
sectioniv,annular,202,45.0,strain_mild,G_max_algebraic_legacy_converted_total,S8,-6.4,2.899306630676469,9.299306630676469,1.4530166610431983,0.0
sectioniv,annular,202,45.0,strain_mild,H_min_algebraic_legacy_converted_total,S17,-6.4,-6.372264939317148,0.027735060682852364,0.004333603231695682,1.0
sectioniv,annular,202,90.0,strain_mild,A_force_governing_total_legacy,S4,-6.2,2.2883357314084747,8.488335731408474,1.3690864082916894,0.0
sectioniv,annular,202,90.0,strain_mild,B_abs_strain_governing_total_legacy,S14,-6.2,-6.13906052476542,0.06093947523457999,0.009828947618480643,1.0
sectioniv,annular,202,90.0,strain_mild,C_max_tensile_total_internal,S14,-6.2,6.13906052476542,12.33906052476542,1.9901710523815193,0.0
sectioniv,annular,202,90.0,strain_mild,D_max_compressive_total_internal,S5,-6.2,-2.830871971076322,3.369128028923678,0.5434077466005932,1.0
sectioniv,annular,202,90.0,strain_mild,E_nearest_extreme_compression_total_internal,S5,-6.2,-2.830871971076322,3.369128028923678,0.5434077466005932,1.0
sectioniv,annular,202,90.0,strain_mild,F_nearest_extreme_tension_total_internal,S14,-6.2,6.13906052476542,12.33906052476542,1.9901710523815193,0.0
sectioniv,annular,202,90.0,strain_mild,G_max_algebraic_legacy_converted_total,S5,-6.2,2.830871971076322,9.030871971076323,1.456592253399407,0.0
sectioniv,annular,202,90.0,strain_mild,H_min_algebraic_legacy_converted_total,S14,-6.2,-6.13906052476542,0.06093947523457999,0.009828947618480643,1.0
sectioniv,annular,202,135.0,strain_mild,A_force_governing_total_legacy,S2,-6.4,2.481432982451405,8.881432982451406,1.387723903508032,0.0
sectioniv,annular,202,135.0,strain_mild,B_abs_strain_governing_total_legacy,S12,-6.4,-6.372264939317147,0.027735060682853252,0.004333603231695821,1.0
sectioniv,annular,202,135.0,strain_mild,C_max_tensile_total_internal,S12,-6.4,6.372264939317147,12.772264939317147,1.9956663967683042,0.0
sectioniv,annular,202,135.0,strain_mild,D_max_compressive_total_internal,S3,-6.4,-2.899306630676469,3.5006933693235314,0.5469833389568017,1.0
sectioniv,annular,202,135.0,strain_mild,E_nearest_extreme_compression_total_internal,S3,-6.4,-2.899306630676469,3.5006933693235314,0.5469833389568017,1.0
sectioniv,annular,202,135.0,strain_mild,F_nearest_extreme_tension_total_internal,S12,-6.4,6.372264939317147,12.772264939317147,1.9956663967683042,0.0
sectioniv,annular,202,135.0,strain_mild,G_max_algebraic_legacy_converted_total,S3,-6.4,2.899306630676469,9.299306630676469,1.4530166610431983,0.0
sectioniv,annular,202,135.0,strain_mild,H_min_algebraic_legacy_converted_total,S12,-6.4,-6.372264939317147,0.027735060682853252,0.004333603231695821,1.0
sectioniv,annular,202,180.0,strain_mild,A_force_governing_total_legacy,S1,-6.4,2.889552022124297,9.289552022124298,1.4514925034569215,0.0
sectioniv,annular,202,180.0,strain_mild,B_abs_strain_governing_total_legacy,S10,-6.4,-6.4336534581591724,-0.03365345815917209,0.005258352837370639,1.0
sectioniv,annular,202,180.0,strain_mild,C_max_tensile_total_internal,S10,-6.4,6.4336534581591724,12.833653458159173,2.0052583528373704,0.0
sectioniv,annular,202,180.0,strain_mild,D_max_compressive_total_internal,S1,-6.4,-2.889552022124297,3.510447977875703,0.5485074965430786,1.0
sectioniv,annular,202,180.0,strain_mild,E_nearest_extreme_compression_total_internal,S1,-6.4,-2.889552022124297,3.510447977875703,0.5485074965430786,1.0
sectioniv,annular,202,180.0,strain_mild,F_nearest_extreme_tension_total_internal,S10,-6.4,6.4336534581591724,12.833653458159173,2.0052583528373704,0.0
sectioniv,annular,202,180.0,strain_mild,G_max_algebraic_legacy_converted_total,S1,-6.4,2.889552022124297,9.289552022124298,1.4514925034569215,0.0
sectioniv,annular,202,180.0,strain_mild,H_min_algebraic_legacy_converted_total,S10,-6.4,-6.4336534581591724,-0.03365345815917209,0.005258352837370639,1.0
sectioniv,annular,202,225.0,strain_mild,A_force_governing_total_legacy,S4,-6.4,-2.9378658929673986,3.4621341070326017,0.540958454223844,1.0
sectioniv,annular,202,225.0,strain_mild,B_abs_strain_governing_total_legacy,S8,-6.4,-6.372264939317148,0.027735060682852364,0.004333603231695682,1.0
sectioniv,annular,202,225.0,strain_mild,C_max_tensile_total_internal,S8,-6.4,6.372264939317148,12.772264939317148,1.9956663967683044,0.0
sectioniv,annular,202,225.0,strain_mild,D_max_compressive_total_internal,S17,-6.4,-2.8993066306764703,3.50069336932353,0.5469833389568015,1.0
sectioniv,annular,202,225.0,strain_mild,E_nearest_extreme_compression_total_internal,S17,-6.4,-2.8993066306764703,3.50069336932353,0.5469833389568015,1.0
sectioniv,annular,202,225.0,strain_mild,F_nearest_extreme_tension_total_internal,S8,-6.4,6.372264939317148,12.772264939317148,1.9956663967683044,0.0
sectioniv,annular,202,225.0,strain_mild,G_max_algebraic_legacy_converted_total,S17,-6.4,2.8993066306764703,9.29930663067647,1.4530166610431985,0.0
sectioniv,annular,202,225.0,strain_mild,H_min_algebraic_legacy_converted_total,S8,-6.4,-6.372264939317148,0.027735060682852364,0.004333603231695682,1.0
sectioniv,annular,202,270.0,strain_mild,A_force_governing_total_legacy,S2,-6.2,-3.209364830559044,2.990635169440956,0.4823605112001542,1.0
sectioniv,annular,202,270.0,strain_mild,B_abs_strain_governing_total_legacy,S5,-6.2,-6.13906052476542,0.06093947523457999,0.009828947618480643,1.0
sectioniv,annular,202,270.0,strain_mild,C_max_tensile_total_internal,S5,-6.2,6.13906052476542,12.33906052476542,1.9901710523815193,0.0
sectioniv,annular,202,270.0,strain_mild,D_max_compressive_total_internal,S14,-6.2,-2.830871971076322,3.369128028923678,0.5434077466005932,1.0
sectioniv,annular,202,270.0,strain_mild,E_nearest_extreme_compression_total_internal,S14,-6.2,-2.830871971076322,3.369128028923678,0.5434077466005932,1.0
sectioniv,annular,202,270.0,strain_mild,F_nearest_extreme_tension_total_internal,S5,-6.2,6.13906052476542,12.33906052476542,1.9901710523815193,0.0
sectioniv,annular,202,270.0,strain_mild,G_max_algebraic_legacy_converted_total,S14,-6.2,2.830871971076322,9.030871971076323,1.456592253399407,0.0
sectioniv,annular,202,270.0,strain_mild,H_min_algebraic_legacy_converted_total,S5,-6.2,-6.13906052476542,0.06093947523457999,0.009828947618480643,1.0
sectioniv,annular,202,315.0,strain_mild,A_force_governing_total_legacy,S1,-6.4,-5.027234134092724,1.3727658659072768,0.214494666548012,1.0
sectioniv,annular,202,315.0,strain_mild,B_abs_strain_governing_total_legacy,S3,-6.4,-6.372264939317151,0.0277350606828497,0.0043336032316952655,1.0
sectioniv,annular,202,315.0,strain_mild,C_max_tensile_total_internal,S3,-6.4,6.372264939317151,12.77226493931715,1.9956663967683046,0.0
sectioniv,annular,202,315.0,strain_mild,D_max_compressive_total_internal,S12,-6.4,-2.8993066306764703,3.50069336932353,0.5469833389568015,1.0
sectioniv,annular,202,315.0,strain_mild,E_nearest_extreme_compression_total_internal,S12,-6.4,-2.8993066306764703,3.50069336932353,0.5469833389568015,1.0
sectioniv,annular,202,315.0,strain_mild,F_nearest_extreme_tension_total_internal,S3,-6.4,6.372264939317151,12.77226493931715,1.9956663967683046,0.0
sectioniv,annular,202,315.0,strain_mild,G_max_algebraic_legacy_converted_total,S12,-6.4,2.8993066306764703,9.29930663067647,1.4530166610431985,0.0
sectioniv,annular,202,315.0,strain_mild,H_min_algebraic_legacy_converted_total,S3,-6.4,-6.372264939317151,0.0277350606828497,0.0043336032316952655,1.0
sectioniv,annular,202,360.0,strain_mild,A_force_governing_total_legacy,S1,-6.4,-6.43365345815917,-0.033653458159169425,0.005258352837370223,1.0
sectioniv,annular,202,360.0,strain_mild,B_abs_strain_governing_total_legacy,S1,-6.4,-6.43365345815917,-0.033653458159169425,0.005258352837370223,1.0
sectioniv,annular,202,360.0,strain_mild,C_max_tensile_total_internal,S1,-6.4,6.43365345815917,12.83365345815917,2.00525835283737,0.0
sectioniv,annular,202,360.0,strain_mild,D_max_compressive_total_internal,S10,-6.4,-2.889552022124297,3.510447977875703,0.5485074965430786,1.0
sectioniv,annular,202,360.0,strain_mild,E_nearest_extreme_compression_total_internal,S10,-6.4,-2.889552022124297,3.510447977875703,0.5485074965430786,1.0
sectioniv,annular,202,360.0,strain_mild,F_nearest_extreme_tension_total_internal,S1,-6.4,6.43365345815917,12.83365345815917,2.00525835283737,0.0
sectioniv,annular,202,360.0,strain_mild,G_max_algebraic_legacy_converted_total,S10,-6.4,2.889552022124297,9.289552022124298,1.4514925034569215,0.0
sectioniv,annular,202,360.0,strain_mild,H_min_algebraic_legacy_converted_total,S1,-6.4,-6.43365345815917,-0.033653458159169425,0.005258352837370223,1.0
snit_a,snit,101,0.0,strain_mild,A_force_governing_total_legacy,S1,0.0,0.03513674167959075,0.03513674167959075,35136741679.59075,
snit_a,snit,101,0.0,strain_mild,B_abs_strain_governing_total_legacy,S1,0.0,0.03513674167959075,0.03513674167959075,35136741679.59075,
snit_a,snit,101,0.0,strain_mild,C_max_tensile_total_internal,S2,0.0,-0.03513674167959043,-0.03513674167959043,35136741679.59043,
snit_a,snit,101,0.0,strain_mild,D_max_compressive_total_internal,S1,0.0,-0.03513674167959075,-0.03513674167959075,35136741679.59075,
snit_a,snit,101,0.0,strain_mild,E_nearest_extreme_compression_total_internal,S1,0.0,-0.03513674167959075,-0.03513674167959075,35136741679.59075,
snit_a,snit,101,0.0,strain_mild,F_nearest_extreme_tension_total_internal,S2,0.0,-0.03513674167959043,-0.03513674167959043,35136741679.59043,
snit_a,snit,101,0.0,strain_mild,G_max_algebraic_legacy_converted_total,S1,0.0,0.03513674167959075,0.03513674167959075,35136741679.59075,
snit_a,snit,101,0.0,strain_mild,H_min_algebraic_legacy_converted_total,S2,0.0,0.03513674167959043,0.03513674167959043,35136741679.59043,
snit_a,snit,101,90.0,strain_mild,A_force_governing_total_legacy,S1,-5.5,3.002379908498158,8.502379908498158,1.545887256090574,0.0
snit_a,snit,101,90.0,strain_mild,B_abs_strain_governing_total_legacy,S2,-5.5,-5.474320960533213,0.0256790394667874,0.004668916266688619,1.0
snit_a,snit,101,90.0,strain_mild,C_max_tensile_total_internal,S2,-5.5,5.474320960533213,10.974320960533213,1.9953310837333114,0.0
snit_a,snit,101,90.0,strain_mild,D_max_compressive_total_internal,S1,-5.5,-3.002379908498158,2.497620091501842,0.45411274390942585,1.0
snit_a,snit,101,90.0,strain_mild,E_nearest_extreme_compression_total_internal,S1,-5.5,-3.002379908498158,2.497620091501842,0.45411274390942585,1.0
snit_a,snit,101,90.0,strain_mild,F_nearest_extreme_tension_total_internal,S2,-5.5,5.474320960533213,10.974320960533213,1.9953310837333114,0.0
snit_a,snit,101,90.0,strain_mild,G_max_algebraic_legacy_converted_total,S1,-5.5,3.002379908498158,8.502379908498158,1.545887256090574,0.0
snit_a,snit,101,90.0,strain_mild,H_min_algebraic_legacy_converted_total,S2,-5.5,-5.474320960533213,0.0256790394667874,0.004668916266688619,1.0
snit_a,snit,101,180.0,strain_mild,A_force_governing_total_legacy,S1,0.0,0.03513674167959075,0.03513674167959075,35136741679.59075,
snit_a,snit,101,180.0,strain_mild,B_abs_strain_governing_total_legacy,S1,0.0,0.03513674167959075,0.03513674167959075,35136741679.59075,
snit_a,snit,101,180.0,strain_mild,C_max_tensile_total_internal,S2,0.0,-0.03513674167959043,-0.03513674167959043,35136741679.59043,
snit_a,snit,101,180.0,strain_mild,D_max_compressive_total_internal,S1,0.0,-0.03513674167959075,-0.03513674167959075,35136741679.59075,
snit_a,snit,101,180.0,strain_mild,E_nearest_extreme_compression_total_internal,S1,0.0,-0.03513674167959075,-0.03513674167959075,35136741679.59075,
snit_a,snit,101,180.0,strain_mild,F_nearest_extreme_tension_total_internal,S2,0.0,-0.03513674167959043,-0.03513674167959043,35136741679.59043,
snit_a,snit,101,180.0,strain_mild,G_max_algebraic_legacy_converted_total,S1,0.0,0.03513674167959075,0.03513674167959075,35136741679.59075,
snit_a,snit,101,180.0,strain_mild,H_min_algebraic_legacy_converted_total,S2,0.0,0.03513674167959043,0.03513674167959043,35136741679.59043,
snit_b,snit,102,0.0,strain_mild,A_force_governing_total_legacy,S1,0.2,0.19359484622112832,-0.006405153778871686,0.03202576889435843,1.0
snit_b,snit,102,0.0,strain_mild,B_abs_strain_governing_total_legacy,S1,0.2,0.19359484622112832,-0.006405153778871686,0.03202576889435843,1.0
snit_b,snit,102,0.0,strain_mild,C_max_tensile_total_internal,S2,0.2,-0.19359484622112805,-0.39359484622112806,1.9679742311056403,0.0
snit_b,snit,102,0.0,strain_mild,D_max_compressive_total_internal,S1,0.2,-0.19359484622112832,-0.39359484622112834,1.9679742311056416,0.0
snit_b,snit,102,0.0,strain_mild,E_nearest_extreme_compression_total_internal,S1,0.2,-0.19359484622112832,-0.39359484622112834,1.9679742311056416,0.0
snit_b,snit,102,0.0,strain_mild,F_nearest_extreme_tension_total_internal,S2,0.2,-0.19359484622112805,-0.39359484622112806,1.9679742311056403,0.0
snit_b,snit,102,0.0,strain_mild,G_max_algebraic_legacy_converted_total,S1,0.2,0.19359484622112832,-0.006405153778871686,0.03202576889435843,1.0
snit_b,snit,102,0.0,strain_mild,H_min_algebraic_legacy_converted_total,S2,0.2,0.19359484622112805,-0.006405153778871964,0.03202576889435982,1.0
snit_b,snit,102,90.0,strain_mild,A_force_governing_total_legacy,S1,-2.1,3.186197082093014,5.286197082093015,2.5172367057585783,0.0
snit_b,snit,102,90.0,strain_mild,B_abs_strain_governing_total_legacy,S1,-2.1,3.186197082093014,5.286197082093015,2.5172367057585783,0.0
snit_b,snit,102,90.0,strain_mild,C_max_tensile_total_internal,S2,-2.1,2.1592733125983985,4.259273312598399,2.0282253869516187,0.0
snit_b,snit,102,90.0,strain_mild,D_max_compressive_total_internal,S1,-2.1,-3.186197082093014,-1.086197082093014,0.517236705758578,1.0
snit_b,snit,102,90.0,strain_mild,E_nearest_extreme_compression_total_internal,S1,-2.1,-3.186197082093014,-1.086197082093014,0.517236705758578,1.0
snit_b,snit,102,90.0,strain_mild,F_nearest_extreme_tension_total_internal,S2,-2.1,2.1592733125983985,4.259273312598399,2.0282253869516187,0.0
snit_b,snit,102,90.0,strain_mild,G_max_algebraic_legacy_converted_total,S1,-2.1,3.186197082093014,5.286197082093015,2.5172367057585783,0.0
snit_b,snit,102,90.0,strain_mild,H_min_algebraic_legacy_converted_total,S2,-2.1,-2.1592733125983985,-0.05927331259839841,0.02822538695161829,1.0
snit_b,snit,102,180.0,strain_mild,A_force_governing_total_legacy,S1,0.2,0.19359484622112832,-0.006405153778871686,0.03202576889435843,1.0
snit_b,snit,102,180.0,strain_mild,B_abs_strain_governing_total_legacy,S1,0.2,0.19359484622112832,-0.006405153778871686,0.03202576889435843,1.0
snit_b,snit,102,180.0,strain_mild,C_max_tensile_total_internal,S2,0.2,-0.19359484622112805,-0.39359484622112806,1.9679742311056403,0.0
snit_b,snit,102,180.0,strain_mild,D_max_compressive_total_internal,S1,0.2,-0.19359484622112832,-0.39359484622112834,1.9679742311056416,0.0
snit_b,snit,102,180.0,strain_mild,E_nearest_extreme_compression_total_internal,S1,0.2,-0.19359484622112832,-0.39359484622112834,1.9679742311056416,0.0
snit_b,snit,102,180.0,strain_mild,F_nearest_extreme_tension_total_internal,S2,0.2,-0.19359484622112805,-0.39359484622112806,1.9679742311056403,0.0
snit_b,snit,102,180.0,strain_mild,G_max_algebraic_legacy_converted_total,S1,0.2,0.19359484622112832,-0.006405153778871686,0.03202576889435843,1.0
snit_b,snit,102,180.0,strain_mild,H_min_algebraic_legacy_converted_total,S2,0.2,0.19359484622112805,-0.006405153778871964,0.03202576889435982,1.0
snit_c,snit,103,0.0,strain_mild,A_force_governing_total_legacy,S1,0.2,0.19649275097496074,-0.0035072490250392663,0.01753624512519633,1.0
snit_c,snit,103,0.0,strain_mild,B_abs_strain_governing_total_legacy,S1,0.2,0.19649275097496074,-0.0035072490250392663,0.01753624512519633,1.0
snit_c,snit,103,0.0,strain_mild,C_max_tensile_total_internal,S2,0.2,-0.1964927509749605,-0.3964927509749605,1.9824637548748025,0.0
snit_c,snit,103,0.0,strain_mild,D_max_compressive_total_internal,S1,0.2,-0.19649275097496074,-0.39649275097496073,1.9824637548748036,0.0
snit_c,snit,103,0.0,strain_mild,E_nearest_extreme_compression_total_internal,S1,0.2,-0.19649275097496074,-0.39649275097496073,1.9824637548748036,0.0
snit_c,snit,103,0.0,strain_mild,F_nearest_extreme_tension_total_internal,S2,0.2,-0.1964927509749605,-0.3964927509749605,1.9824637548748025,0.0
snit_c,snit,103,0.0,strain_mild,G_max_algebraic_legacy_converted_total,S1,0.2,0.19649275097496074,-0.0035072490250392663,0.01753624512519633,1.0
snit_c,snit,103,0.0,strain_mild,H_min_algebraic_legacy_converted_total,S2,0.2,0.1964927509749605,-0.003507249025039516,0.01753624512519758,1.0
snit_c,snit,103,90.0,strain_mild,A_force_governing_total_legacy,S1,-2.4,3.1747641134260456,5.5747641134260455,2.3228183805941858,0.0
snit_c,snit,103,90.0,strain_mild,B_abs_strain_governing_total_legacy,S1,-2.4,3.1747641134260456,5.5747641134260455,2.3228183805941858,0.0
snit_c,snit,103,90.0,strain_mild,C_max_tensile_total_internal,S2,-2.4,2.3654609889026927,4.765460988902692,1.9856087453761218,0.0
snit_c,snit,103,90.0,strain_mild,D_max_compressive_total_internal,S1,-2.4,-3.1747641134260456,-0.7747641134260457,0.3228183805941857,1.0
snit_c,snit,103,90.0,strain_mild,E_nearest_extreme_compression_total_internal,S1,-2.4,-3.1747641134260456,-0.7747641134260457,0.3228183805941857,1.0
snit_c,snit,103,90.0,strain_mild,F_nearest_extreme_tension_total_internal,S2,-2.4,2.3654609889026927,4.765460988902692,1.9856087453761218,0.0
snit_c,snit,103,90.0,strain_mild,G_max_algebraic_legacy_converted_total,S1,-2.4,3.1747641134260456,5.5747641134260455,2.3228183805941858,0.0
snit_c,snit,103,90.0,strain_mild,H_min_algebraic_legacy_converted_total,S2,-2.4,-2.3654609889026927,0.03453901109730717,0.014391254623877988,1.0
snit_c,snit,103,180.0,strain_mild,A_force_governing_total_legacy,S1,0.2,0.19649275097496074,-0.0035072490250392663,0.01753624512519633,1.0
snit_c,snit,103,180.0,strain_mild,B_abs_strain_governing_total_legacy,S1,0.2,0.19649275097496074,-0.0035072490250392663,0.01753624512519633,1.0
snit_c,snit,103,180.0,strain_mild,C_max_tensile_total_internal,S2,0.2,-0.1964927509749605,-0.3964927509749605,1.9824637548748025,0.0
snit_c,snit,103,180.0,strain_mild,D_max_compressive_total_internal,S1,0.2,-0.19649275097496074,-0.39649275097496073,1.9824637548748036,0.0
snit_c,snit,103,180.0,strain_mild,E_nearest_extreme_compression_total_internal,S1,0.2,-0.19649275097496074,-0.39649275097496073,1.9824637548748036,0.0
snit_c,snit,103,180.0,strain_mild,F_nearest_extreme_tension_total_internal,S2,0.2,-0.1964927509749605,-0.3964927509749605,1.9824637548748025,0.0
snit_c,snit,103,180.0,strain_mild,G_max_algebraic_legacy_converted_total,S1,0.2,0.19649275097496074,-0.0035072490250392663,0.01753624512519633,1.0
snit_c,snit,103,180.0,strain_mild,H_min_algebraic_legacy_converted_total,S2,0.2,0.1964927509749605,-0.003507249025039516,0.01753624512519758,1.0
snit_c,snit,103,270.0,strain_mild,A_force_governing_total_legacy,S1,-3.9000000000000004,-3.854015113042637,0.04598488695736336,0.011790996655734192,1.0
snit_c,snit,103,270.0,strain_mild,B_abs_strain_governing_total_legacy,S1,-3.9000000000000004,-3.854015113042637,0.04598488695736336,0.011790996655734192,1.0
snit_c,snit,103,270.0,strain_mild,C_max_tensile_total_internal,S1,-3.9000000000000004,3.854015113042637,7.754015113042637,1.9882090033442659,0.0
snit_c,snit,103,270.0,strain_mild,D_max_compressive_total_internal,S2,-3.9000000000000004,-3.1188898118000936,0.7811101881999067,0.2002846636410017,1.0
snit_c,snit,103,270.0,strain_mild,E_nearest_extreme_compression_total_internal,S2,-3.9000000000000004,-3.1188898118000936,0.7811101881999067,0.2002846636410017,1.0
snit_c,snit,103,270.0,strain_mild,F_nearest_extreme_tension_total_internal,S1,-3.9000000000000004,3.854015113042637,7.754015113042637,1.9882090033442659,0.0
snit_c,snit,103,270.0,strain_mild,G_max_algebraic_legacy_converted_total,S2,-3.9000000000000004,3.1188898118000936,7.0188898118000935,1.7997153363589982,0.0
snit_c,snit,103,270.0,strain_mild,H_min_algebraic_legacy_converted_total,S1,-3.9000000000000004,-3.854015113042637,0.04598488695736336,0.011790996655734192,1.0
snit_c,snit,103,360.0,strain_mild,A_force_governing_total_legacy,S2,0.2,0.19649275097496127,-0.003507249025038739,0.017536245125193695,1.0
snit_c,snit,103,360.0,strain_mild,B_abs_strain_governing_total_legacy,S2,0.2,0.19649275097496127,-0.003507249025038739,0.017536245125193695,1.0
snit_c,snit,103,360.0,strain_mild,C_max_tensile_total_internal,S1,0.2,-0.19649275097496038,-0.3964927509749604,1.9824637548748019,0.0
snit_c,snit,103,360.0,strain_mild,D_max_compressive_total_internal,S2,0.2,-0.19649275097496127,-0.3964927509749613,1.9824637548748063,0.0
snit_c,snit,103,360.0,strain_mild,E_nearest_extreme_compression_total_internal,S2,0.2,-0.19649275097496127,-0.3964927509749613,1.9824637548748063,0.0
snit_c,snit,103,360.0,strain_mild,F_nearest_extreme_tension_total_internal,S1,0.2,-0.19649275097496038,-0.3964927509749604,1.9824637548748019,0.0
snit_c,snit,103,360.0,strain_mild,G_max_algebraic_legacy_converted_total,S2,0.2,0.19649275097496127,-0.003507249025038739,0.017536245125193695,1.0
snit_c,snit,103,360.0,strain_mild,H_min_algebraic_legacy_converted_total,S1,0.2,0.19649275097496038,-0.003507249025039627,0.017536245125198135,1.0
snit_d,snit,104,0.0,strain_mild,A_force_governing_total_legacy,S1,0.2,0.19649275097496074,-0.0035072490250392663,0.01753624512519633,1.0
snit_d,snit,104,0.0,strain_mild,B_abs_strain_governing_total_legacy,S1,0.2,0.19649275097496074,-0.0035072490250392663,0.01753624512519633,1.0
snit_d,snit,104,0.0,strain_mild,C_max_tensile_total_internal,S2,0.2,-0.1964927509749605,-0.3964927509749605,1.9824637548748025,0.0
snit_d,snit,104,0.0,strain_mild,D_max_compressive_total_internal,S1,0.2,-0.19649275097496074,-0.39649275097496073,1.9824637548748036,0.0
snit_d,snit,104,0.0,strain_mild,E_nearest_extreme_compression_total_internal,S1,0.2,-0.19649275097496074,-0.39649275097496073,1.9824637548748036,0.0
snit_d,snit,104,0.0,strain_mild,F_nearest_extreme_tension_total_internal,S2,0.2,-0.1964927509749605,-0.3964927509749605,1.9824637548748025,0.0
snit_d,snit,104,0.0,strain_mild,G_max_algebraic_legacy_converted_total,S1,0.2,0.19649275097496074,-0.0035072490250392663,0.01753624512519633,1.0
snit_d,snit,104,0.0,strain_mild,H_min_algebraic_legacy_converted_total,S2,0.2,0.1964927509749605,-0.003507249025039516,0.01753624512519758,1.0
snit_d,snit,104,90.0,strain_mild,A_force_governing_total_legacy,S1,-3.4000000000000004,3.12039950078964,6.52039950078964,1.9177645590557764,0.0
snit_d,snit,104,90.0,strain_mild,B_abs_strain_governing_total_legacy,S2,-3.4000000000000004,-3.3458986581730312,0.05410134182696913,0.01591215936087327,1.0
snit_d,snit,104,90.0,strain_mild,C_max_tensile_total_internal,S2,-3.4000000000000004,3.3458986581730312,6.745898658173031,1.9840878406391267,0.0
snit_d,snit,104,90.0,strain_mild,D_max_compressive_total_internal,S1,-3.4000000000000004,-3.12039950078964,0.27960049921036045,0.08223544094422365,1.0
snit_d,snit,104,90.0,strain_mild,E_nearest_extreme_compression_total_internal,S1,-3.4000000000000004,-3.12039950078964,0.27960049921036045,0.08223544094422365,1.0
snit_d,snit,104,90.0,strain_mild,F_nearest_extreme_tension_total_internal,S2,-3.4000000000000004,3.3458986581730312,6.745898658173031,1.9840878406391267,0.0
snit_d,snit,104,90.0,strain_mild,G_max_algebraic_legacy_converted_total,S1,-3.4000000000000004,3.12039950078964,6.52039950078964,1.9177645590557764,0.0
snit_d,snit,104,90.0,strain_mild,H_min_algebraic_legacy_converted_total,S2,-3.4000000000000004,-3.3458986581730312,0.05410134182696913,0.01591215936087327,1.0
snit_d,snit,104,180.0,strain_mild,A_force_governing_total_legacy,S1,0.2,0.19649275097496074,-0.0035072490250392663,0.01753624512519633,1.0
snit_d,snit,104,180.0,strain_mild,B_abs_strain_governing_total_legacy,S1,0.2,0.19649275097496074,-0.0035072490250392663,0.01753624512519633,1.0
snit_d,snit,104,180.0,strain_mild,C_max_tensile_total_internal,S2,0.2,-0.1964927509749605,-0.3964927509749605,1.9824637548748025,0.0
snit_d,snit,104,180.0,strain_mild,D_max_compressive_total_internal,S1,0.2,-0.19649275097496074,-0.39649275097496073,1.9824637548748036,0.0
snit_d,snit,104,180.0,strain_mild,E_nearest_extreme_compression_total_internal,S1,0.2,-0.19649275097496074,-0.39649275097496073,1.9824637548748036,0.0
snit_d,snit,104,180.0,strain_mild,F_nearest_extreme_tension_total_internal,S2,0.2,-0.1964927509749605,-0.3964927509749605,1.9824637548748025,0.0
snit_d,snit,104,180.0,strain_mild,G_max_algebraic_legacy_converted_total,S1,0.2,0.19649275097496074,-0.0035072490250392663,0.01753624512519633,1.0
snit_d,snit,104,180.0,strain_mild,H_min_algebraic_legacy_converted_total,S2,0.2,0.1964927509749605,-0.003507249025039516,0.01753624512519758,1.0
lc3,tbeam,3,2.0,strain_mild,A_force_governing_total_legacy,S1,5.024,3.2241731065704418,-1.7998268934295583,0.3582457988514248,1.0
lc3,tbeam,3,2.0,strain_mild,B_abs_strain_governing_total_legacy,S1,5.024,3.2241731065704418,-1.7998268934295583,0.3582457988514248,1.0
lc3,tbeam,3,2.0,strain_mild,C_max_tensile_total_internal,S18,5.024,2.6578770074397466,-2.3661229925602534,0.470963971449095,1.0
lc3,tbeam,3,2.0,strain_mild,D_max_compressive_total_internal,S1,5.024,-3.2241731065704418,-8.248173106570441,1.641754201148575,0.0
lc3,tbeam,3,2.0,strain_mild,E_nearest_extreme_compression_total_internal,S1,5.024,-3.2241731065704418,-8.248173106570441,1.641754201148575,0.0
lc3,tbeam,3,2.0,strain_mild,F_nearest_extreme_tension_total_internal,S18,5.024,2.6578770074397466,-2.3661229925602534,0.470963971449095,1.0
lc3,tbeam,3,2.0,strain_mild,G_max_algebraic_legacy_converted_total,S1,5.024,3.2241731065704418,-1.7998268934295583,0.3582457988514248,1.0
lc3,tbeam,3,2.0,strain_mild,H_min_algebraic_legacy_converted_total,S18,5.024,-2.6578770074397466,-7.681877007439747,1.529036028550905,0.0
lc3,tbeam,3,5.0,strain_mild,A_force_governing_total_legacy,S1,7.82,3.2234156065238535,-4.596584393476147,0.5877985157897886,1.0
lc3,tbeam,3,5.0,strain_mild,B_abs_strain_governing_total_legacy,S1,7.82,3.2234156065238535,-4.596584393476147,0.5877985157897886,1.0
lc3,tbeam,3,5.0,strain_mild,C_max_tensile_total_internal,S18,7.82,2.41641574074216,-5.4035842592578405,0.6909954295726138,1.0
lc3,tbeam,3,5.0,strain_mild,D_max_compressive_total_internal,S1,7.82,-3.2234156065238535,-11.043415606523855,1.4122014842102115,0.0
lc3,tbeam,3,5.0,strain_mild,E_nearest_extreme_compression_total_internal,S1,7.82,-3.2234156065238535,-11.043415606523855,1.4122014842102115,0.0
lc3,tbeam,3,5.0,strain_mild,F_nearest_extreme_tension_total_internal,S18,7.82,2.41641574074216,-5.4035842592578405,0.6909954295726138,1.0
lc3,tbeam,3,5.0,strain_mild,G_max_algebraic_legacy_converted_total,S1,7.82,3.2234156065238535,-4.596584393476147,0.5877985157897886,1.0
lc3,tbeam,3,5.0,strain_mild,H_min_algebraic_legacy_converted_total,S18,7.82,-2.41641574074216,-10.23641574074216,1.309004570427386,0.0
lc3,tbeam,3,8.0,strain_mild,A_force_governing_total_legacy,S1,10.324,3.221990292967069,-7.102009707032931,0.6879126023859871,1.0
lc3,tbeam,3,8.0,strain_mild,B_abs_strain_governing_total_legacy,S1,10.324,3.221990292967069,-7.102009707032931,0.6879126023859871,1.0
lc3,tbeam,3,8.0,strain_mild,C_max_tensile_total_internal,S18,10.324,2.209079598453655,-8.114920401546344,0.786024835484923,1.0
lc3,tbeam,3,8.0,strain_mild,D_max_compressive_total_internal,S1,10.324,-3.221990292967069,-13.545990292967069,1.3120873976140128,0.0
lc3,tbeam,3,8.0,strain_mild,E_nearest_extreme_compression_total_internal,S1,10.324,-3.221990292967069,-13.545990292967069,1.3120873976140128,0.0
lc3,tbeam,3,8.0,strain_mild,F_nearest_extreme_tension_total_internal,S18,10.324,2.209079598453655,-8.114920401546344,0.786024835484923,1.0
lc3,tbeam,3,8.0,strain_mild,G_max_algebraic_legacy_converted_total,S1,10.324,3.221990292967069,-7.102009707032931,0.6879126023859871,1.0
lc3,tbeam,3,8.0,strain_mild,H_min_algebraic_legacy_converted_total,S18,10.324,-2.209079598453655,-12.533079598453655,1.2139751645150771,0.0
lc4,tbeam,4,5.0,strain_mild,A_force_governing_total_legacy,S1,2.929,3.249741881296184,0.320741881296184,0.10950559279487333,1.0
lc4,tbeam,4,5.0,strain_mild,B_abs_strain_governing_total_legacy,S1,2.929,3.249741881296184,0.320741881296184,0.10950559279487333,1.0
lc4,tbeam,4,5.0,strain_mild,C_max_tensile_total_internal,S18,2.929,1.8532704941845368,-1.075729505815463,0.3672685236652315,1.0
lc4,tbeam,4,5.0,strain_mild,D_max_compressive_total_internal,S1,2.929,-3.249741881296184,-6.178741881296183,2.109505592794873,0.0
lc4,tbeam,4,5.0,strain_mild,E_nearest_extreme_compression_total_internal,S1,2.929,-3.249741881296184,-6.178741881296183,2.109505592794873,0.0
lc4,tbeam,4,5.0,strain_mild,F_nearest_extreme_tension_total_internal,S18,2.929,1.8532704941845368,-1.075729505815463,0.3672685236652315,1.0
lc4,tbeam,4,5.0,strain_mild,G_max_algebraic_legacy_converted_total,S1,2.929,3.249741881296184,0.320741881296184,0.10950559279487333,1.0
lc4,tbeam,4,5.0,strain_mild,H_min_algebraic_legacy_converted_total,S18,2.929,-1.8532704941845368,-4.782270494184536,1.6327314763347685,0.0
lc4,tbeam,4,10.0,strain_mild,A_force_governing_total_legacy,S1,9.144,3.247258998160888,-5.896741001839112,0.6448754376464471,1.0
lc4,tbeam,4,10.0,strain_mild,B_abs_strain_governing_total_legacy,S1,9.144,3.247258998160888,-5.896741001839112,0.6448754376464471,1.0
lc4,tbeam,4,10.0,strain_mild,C_max_tensile_total_internal,S18,9.144,1.5553445709326674,-7.588655429067333,0.8299054493730679,1.0
lc4,tbeam,4,10.0,strain_mild,D_max_compressive_total_internal,S1,9.144,-3.247258998160888,-12.391258998160888,1.3551245623535528,0.0
lc4,tbeam,4,10.0,strain_mild,E_nearest_extreme_compression_total_internal,S1,9.144,-3.247258998160888,-12.391258998160888,1.3551245623535528,0.0
lc4,tbeam,4,10.0,strain_mild,F_nearest_extreme_tension_total_internal,S18,9.144,1.5553445709326674,-7.588655429067333,0.8299054493730679,1.0
lc4,tbeam,4,10.0,strain_mild,G_max_algebraic_legacy_converted_total,S1,9.144,3.247258998160888,-5.896741001839112,0.6448754376464471,1.0
lc4,tbeam,4,10.0,strain_mild,H_min_algebraic_legacy_converted_total,S18,9.144,-1.5553445709326674,-10.699344570932668,1.1700945506269322,0.0
lc4,tbeam,4,15.0,strain_mild,A_force_governing_total_legacy,S1,16.551,3.244615749035574,-13.306384250964424,0.8039625551908903,1.0
lc4,tbeam,4,15.0,strain_mild,B_abs_strain_governing_total_legacy,S1,16.551,3.244615749035574,-13.306384250964424,0.8039625551908903,1.0
lc4,tbeam,4,15.0,strain_mild,C_max_tensile_total_internal,S18,16.551,1.2944569229485596,-15.25654307705144,0.921789805875865,1.0
lc4,tbeam,4,15.0,strain_mild,D_max_compressive_total_internal,S1,16.551,-3.244615749035574,-19.795615749035573,1.1960374448091098,0.0
lc4,tbeam,4,15.0,strain_mild,E_nearest_extreme_compression_total_internal,S1,16.551,-3.244615749035574,-19.795615749035573,1.1960374448091098,0.0
lc4,tbeam,4,15.0,strain_mild,F_nearest_extreme_tension_total_internal,S18,16.551,1.2944569229485596,-15.25654307705144,0.921789805875865,1.0
lc4,tbeam,4,15.0,strain_mild,G_max_algebraic_legacy_converted_total,S1,16.551,3.244615749035574,-13.306384250964424,0.8039625551908903,1.0
lc4,tbeam,4,15.0,strain_mild,H_min_algebraic_legacy_converted_total,S18,16.551,-1.2944569229485596,-17.845456922948557,1.078210194124135,0.0
snit_a,snit,101,0.0,strain_prestressed,A_force_governing_total_legacy,P1,-5.8,-5.864863258320409,-0.0648632583204094,0.011183320400070586,1.0
snit_a,snit,101,0.0,strain_prestressed,B_force_governing_incremental_internal,P1,-5.8,-0.03513674167959073,5.764863258320409,0.9939419410897257,1.0
snit_a,snit,101,0.0,strain_prestressed,C_abs_strain_governing_total_legacy,P1,-5.8,-5.864863258320409,-0.0648632583204094,0.011183320400070586,1.0
snit_a,snit,101,0.0,strain_prestressed,D_abs_strain_governing_incremental_internal,P1,-5.8,-0.03513674167959073,5.764863258320409,0.9939419410897257,1.0
snit_a,snit,101,0.0,strain_prestressed,E_max_tensile_total_internal,P1,-5.8,5.864863258320409,11.664863258320409,2.0111833204000704,0.0
snit_a,snit,101,0.0,strain_prestressed,F_max_compressive_total_internal,P1,-5.8,5.864863258320409,11.664863258320409,2.0111833204000704,0.0
snit_a,snit,101,0.0,strain_prestressed,G_max_tensile_incremental_internal,P1,-5.8,-0.03513674167959073,5.764863258320409,0.9939419410897257,1.0
snit_a,snit,101,0.0,strain_prestressed,H_max_compressive_incremental_internal,P1,-5.8,-0.03513674167959073,5.764863258320409,0.9939419410897257,1.0
snit_a,snit,101,0.0,strain_prestressed,I_nearest_extreme_compression_total_internal,P1,-5.8,5.864863258320409,11.664863258320409,2.0111833204000704,0.0
snit_a,snit,101,0.0,strain_prestressed,J_nearest_extreme_tension_total_internal,P1,-5.8,5.864863258320409,11.664863258320409,2.0111833204000704,0.0
snit_a,snit,101,0.0,strain_prestressed,K_max_algebraic_legacy_converted_total,P1,-5.8,-5.864863258320409,-0.0648632583204094,0.011183320400070586,1.0
snit_a,snit,101,0.0,strain_prestressed,L_min_algebraic_legacy_converted_total,P1,-5.8,-5.864863258320409,-0.0648632583204094,0.011183320400070586,1.0
snit_a,snit,101,90.0,strain_prestressed,A_force_governing_total_legacy,P1,-3.4000000000000004,-3.429558810003811,-0.029558810003810443,0.008693767648179541,1.0
snit_a,snit,101,90.0,strain_prestressed,B_force_governing_incremental_internal,P1,-3.4000000000000004,-2.470441189996189,0.9295588100038112,0.27339965000112093,1.0
snit_a,snit,101,90.0,strain_prestressed,C_abs_strain_governing_total_legacy,P1,-3.4000000000000004,-3.429558810003811,-0.029558810003810443,0.008693767648179541,1.0
snit_a,snit,101,90.0,strain_prestressed,D_abs_strain_governing_incremental_internal,P1,-3.4000000000000004,-2.470441189996189,0.9295588100038112,0.27339965000112093,1.0
snit_a,snit,101,90.0,strain_prestressed,E_max_tensile_total_internal,P1,-3.4000000000000004,3.429558810003811,6.829558810003811,2.0086937676481798,0.0
snit_a,snit,101,90.0,strain_prestressed,F_max_compressive_total_internal,P1,-3.4000000000000004,3.429558810003811,6.829558810003811,2.0086937676481798,0.0
snit_a,snit,101,90.0,strain_prestressed,G_max_tensile_incremental_internal,P1,-3.4000000000000004,-2.470441189996189,0.9295588100038112,0.27339965000112093,1.0
snit_a,snit,101,90.0,strain_prestressed,H_max_compressive_incremental_internal,P1,-3.4000000000000004,-2.470441189996189,0.9295588100038112,0.27339965000112093,1.0
snit_a,snit,101,90.0,strain_prestressed,I_nearest_extreme_compression_total_internal,P1,-3.4000000000000004,3.429558810003811,6.829558810003811,2.0086937676481798,0.0
snit_a,snit,101,90.0,strain_prestressed,J_nearest_extreme_tension_total_internal,P1,-3.4000000000000004,3.429558810003811,6.829558810003811,2.0086937676481798,0.0
snit_a,snit,101,90.0,strain_prestressed,K_max_algebraic_legacy_converted_total,P1,-3.4000000000000004,-3.429558810003811,-0.029558810003810443,0.008693767648179541,1.0
snit_a,snit,101,90.0,strain_prestressed,L_min_algebraic_legacy_converted_total,P1,-3.4000000000000004,-3.429558810003811,-0.029558810003810443,0.008693767648179541,1.0
snit_a,snit,101,180.0,strain_prestressed,A_force_governing_total_legacy,P1,-5.8,-5.864863258320409,-0.0648632583204094,0.011183320400070586,1.0
snit_a,snit,101,180.0,strain_prestressed,B_force_governing_incremental_internal,P1,-5.8,-0.03513674167959073,5.764863258320409,0.9939419410897257,1.0
snit_a,snit,101,180.0,strain_prestressed,C_abs_strain_governing_total_legacy,P1,-5.8,-5.864863258320409,-0.0648632583204094,0.011183320400070586,1.0
snit_a,snit,101,180.0,strain_prestressed,D_abs_strain_governing_incremental_internal,P1,-5.8,-0.03513674167959073,5.764863258320409,0.9939419410897257,1.0
snit_a,snit,101,180.0,strain_prestressed,E_max_tensile_total_internal,P1,-5.8,5.864863258320409,11.664863258320409,2.0111833204000704,0.0
snit_a,snit,101,180.0,strain_prestressed,F_max_compressive_total_internal,P1,-5.8,5.864863258320409,11.664863258320409,2.0111833204000704,0.0
snit_a,snit,101,180.0,strain_prestressed,G_max_tensile_incremental_internal,P1,-5.8,-0.03513674167959073,5.764863258320409,0.9939419410897257,1.0
snit_a,snit,101,180.0,strain_prestressed,H_max_compressive_incremental_internal,P1,-5.8,-0.03513674167959073,5.764863258320409,0.9939419410897257,1.0
snit_a,snit,101,180.0,strain_prestressed,I_nearest_extreme_compression_total_internal,P1,-5.8,5.864863258320409,11.664863258320409,2.0111833204000704,0.0
snit_a,snit,101,180.0,strain_prestressed,J_nearest_extreme_tension_total_internal,P1,-5.8,5.864863258320409,11.664863258320409,2.0111833204000704,0.0
snit_a,snit,101,180.0,strain_prestressed,K_max_algebraic_legacy_converted_total,P1,-5.8,-5.864863258320409,-0.0648632583204094,0.011183320400070586,1.0
snit_a,snit,101,180.0,strain_prestressed,L_min_algebraic_legacy_converted_total,P1,-5.8,-5.864863258320409,-0.0648632583204094,0.011183320400070586,1.0
snit_b,snit,102,0.0,strain_prestressed,A_force_governing_total_legacy,P1,-5.699999999999999,-5.706405153778872,-0.006405153778872297,0.0011237111892758416,1.0
snit_b,snit,102,0.0,strain_prestressed,B_force_governing_incremental_internal,P1,-5.699999999999999,-0.19359484622112805,5.506405153778871,0.9660359918910302,1.0
snit_b,snit,102,0.0,strain_prestressed,C_abs_strain_governing_total_legacy,P1,-5.699999999999999,-5.706405153778872,-0.006405153778872297,0.0011237111892758416,1.0
snit_b,snit,102,0.0,strain_prestressed,D_abs_strain_governing_incremental_internal,P1,-5.699999999999999,-0.19359484622112805,5.506405153778871,0.9660359918910302,1.0
snit_b,snit,102,0.0,strain_prestressed,E_max_tensile_total_internal,P1,-5.699999999999999,5.706405153778872,11.40640515377887,2.0011237111892757,0.0
snit_b,snit,102,0.0,strain_prestressed,F_max_compressive_total_internal,P1,-5.699999999999999,5.706405153778872,11.40640515377887,2.0011237111892757,0.0
snit_b,snit,102,0.0,strain_prestressed,G_max_tensile_incremental_internal,P1,-5.699999999999999,-0.19359484622112805,5.506405153778871,0.9660359918910302,1.0
snit_b,snit,102,0.0,strain_prestressed,H_max_compressive_incremental_internal,P1,-5.699999999999999,-0.19359484622112805,5.506405153778871,0.9660359918910302,1.0
snit_b,snit,102,0.0,strain_prestressed,I_nearest_extreme_compression_total_internal,P1,-5.699999999999999,5.706405153778872,11.40640515377887,2.0011237111892757,0.0
snit_b,snit,102,0.0,strain_prestressed,J_nearest_extreme_tension_total_internal,P1,-5.699999999999999,5.706405153778872,11.40640515377887,2.0011237111892757,0.0
snit_b,snit,102,0.0,strain_prestressed,K_max_algebraic_legacy_converted_total,P1,-5.699999999999999,-5.706405153778872,-0.006405153778872297,0.0011237111892758416,1.0
snit_b,snit,102,0.0,strain_prestressed,L_min_algebraic_legacy_converted_total,P1,-5.699999999999999,-5.706405153778872,-0.006405153778872297,0.0011237111892758416,1.0
snit_b,snit,102,90.0,strain_prestressed,A_force_governing_total_legacy,P1,-7.5,-7.599389726010575,-0.09938972601057472,0.01325196346807663,1.0
snit_b,snit,102,90.0,strain_prestressed,B_force_governing_incremental_internal,P1,-7.5,1.6993897260105741,9.199389726010574,1.22658529680141,0.0
snit_b,snit,102,90.0,strain_prestressed,C_abs_strain_governing_total_legacy,P1,-7.5,-7.599389726010575,-0.09938972601057472,0.01325196346807663,1.0
snit_b,snit,102,90.0,strain_prestressed,D_abs_strain_governing_incremental_internal,P1,-7.5,1.6993897260105741,9.199389726010574,1.22658529680141,0.0
snit_b,snit,102,90.0,strain_prestressed,E_max_tensile_total_internal,P1,-7.5,7.599389726010575,15.099389726010575,2.0132519634680768,0.0
snit_b,snit,102,90.0,strain_prestressed,F_max_compressive_total_internal,P1,-7.5,7.599389726010575,15.099389726010575,2.0132519634680768,0.0
snit_b,snit,102,90.0,strain_prestressed,G_max_tensile_incremental_internal,P1,-7.5,1.6993897260105741,9.199389726010574,1.22658529680141,0.0
snit_b,snit,102,90.0,strain_prestressed,H_max_compressive_incremental_internal,P1,-7.5,1.6993897260105741,9.199389726010574,1.22658529680141,0.0
snit_b,snit,102,90.0,strain_prestressed,I_nearest_extreme_compression_total_internal,P1,-7.5,7.599389726010575,15.099389726010575,2.0132519634680768,0.0
snit_b,snit,102,90.0,strain_prestressed,J_nearest_extreme_tension_total_internal,P1,-7.5,7.599389726010575,15.099389726010575,2.0132519634680768,0.0
snit_b,snit,102,90.0,strain_prestressed,K_max_algebraic_legacy_converted_total,P1,-7.5,-7.599389726010575,-0.09938972601057472,0.01325196346807663,1.0
snit_b,snit,102,90.0,strain_prestressed,L_min_algebraic_legacy_converted_total,P1,-7.5,-7.599389726010575,-0.09938972601057472,0.01325196346807663,1.0
snit_b,snit,102,180.0,strain_prestressed,A_force_governing_total_legacy,P1,-5.699999999999999,-5.706405153778872,-0.006405153778872297,0.0011237111892758416,1.0
snit_b,snit,102,180.0,strain_prestressed,B_force_governing_incremental_internal,P1,-5.699999999999999,-0.19359484622112805,5.506405153778871,0.9660359918910302,1.0
snit_b,snit,102,180.0,strain_prestressed,C_abs_strain_governing_total_legacy,P1,-5.699999999999999,-5.706405153778872,-0.006405153778872297,0.0011237111892758416,1.0
snit_b,snit,102,180.0,strain_prestressed,D_abs_strain_governing_incremental_internal,P1,-5.699999999999999,-0.19359484622112805,5.506405153778871,0.9660359918910302,1.0
snit_b,snit,102,180.0,strain_prestressed,E_max_tensile_total_internal,P1,-5.699999999999999,5.706405153778872,11.40640515377887,2.0011237111892757,0.0
snit_b,snit,102,180.0,strain_prestressed,F_max_compressive_total_internal,P1,-5.699999999999999,5.706405153778872,11.40640515377887,2.0011237111892757,0.0
snit_b,snit,102,180.0,strain_prestressed,G_max_tensile_incremental_internal,P1,-5.699999999999999,-0.19359484622112805,5.506405153778871,0.9660359918910302,1.0
snit_b,snit,102,180.0,strain_prestressed,H_max_compressive_incremental_internal,P1,-5.699999999999999,-0.19359484622112805,5.506405153778871,0.9660359918910302,1.0
snit_b,snit,102,180.0,strain_prestressed,I_nearest_extreme_compression_total_internal,P1,-5.699999999999999,5.706405153778872,11.40640515377887,2.0011237111892757,0.0
snit_b,snit,102,180.0,strain_prestressed,J_nearest_extreme_tension_total_internal,P1,-5.699999999999999,5.706405153778872,11.40640515377887,2.0011237111892757,0.0
snit_b,snit,102,180.0,strain_prestressed,K_max_algebraic_legacy_converted_total,P1,-5.699999999999999,-5.706405153778872,-0.006405153778872297,0.0011237111892758416,1.0
snit_b,snit,102,180.0,strain_prestressed,L_min_algebraic_legacy_converted_total,P1,-5.699999999999999,-5.706405153778872,-0.006405153778872297,0.0011237111892758416,1.0
snit_c,snit,103,0.0,strain_prestressed,A_force_governing_total_legacy,P1,-5.699999999999999,-5.703507249025039,-0.003507249025039627,0.0006153068464981803,1.0
snit_c,snit,103,0.0,strain_prestressed,B_force_governing_incremental_internal,P1,-5.699999999999999,-0.1964927509749605,5.503507249025039,0.9655275875482525,1.0
snit_c,snit,103,0.0,strain_prestressed,C_abs_strain_governing_total_legacy,P1,-5.699999999999999,-5.703507249025039,-0.003507249025039627,0.0006153068464981803,1.0
snit_c,snit,103,0.0,strain_prestressed,D_abs_strain_governing_incremental_internal,P2,-5.699999999999999,-0.19649275097496063,5.503507249025039,0.9655275875482525,1.0
snit_c,snit,103,0.0,strain_prestressed,E_max_tensile_total_internal,P1,-5.699999999999999,5.703507249025039,11.403507249025038,2.0006153068464982,0.0
snit_c,snit,103,0.0,strain_prestressed,F_max_compressive_total_internal,P1,-5.699999999999999,5.703507249025039,11.403507249025038,2.0006153068464982,0.0
snit_c,snit,103,0.0,strain_prestressed,G_max_tensile_incremental_internal,P1,-5.699999999999999,-0.1964927509749605,5.503507249025039,0.9655275875482525,1.0
snit_c,snit,103,0.0,strain_prestressed,H_max_compressive_incremental_internal,P2,-5.699999999999999,-0.19649275097496063,5.503507249025039,0.9655275875482525,1.0
snit_c,snit,103,0.0,strain_prestressed,I_nearest_extreme_compression_total_internal,P2,-5.699999999999999,5.703507249025039,11.403507249025038,2.0006153068464982,0.0
snit_c,snit,103,0.0,strain_prestressed,J_nearest_extreme_tension_total_internal,P1,-5.699999999999999,5.703507249025039,11.403507249025038,2.0006153068464982,0.0
snit_c,snit,103,0.0,strain_prestressed,K_max_algebraic_legacy_converted_total,P1,-5.699999999999999,-5.703507249025039,-0.003507249025039627,0.0006153068464981803,1.0
snit_c,snit,103,0.0,strain_prestressed,L_min_algebraic_legacy_converted_total,P1,-5.699999999999999,-5.703507249025039,-0.003507249025039627,0.0006153068464981803,1.0
snit_c,snit,103,90.0,strain_prestressed,A_force_governing_total_legacy,P1,-7.7,-7.788822189613277,-0.08882218961327659,0.011535349300425532,1.0
snit_c,snit,103,90.0,strain_prestressed,B_force_governing_incremental_internal,P1,-7.7,1.8888221896132764,9.588822189613277,1.2453015830666592,0.0
snit_c,snit,103,90.0,strain_prestressed,C_abs_strain_governing_total_legacy,P1,-7.7,-7.788822189613277,-0.08882218961327659,0.011535349300425532,1.0
snit_c,snit,103,90.0,strain_prestressed,D_abs_strain_governing_incremental_internal,P1,-7.7,1.8888221896132764,9.588822189613277,1.2453015830666592,0.0
snit_c,snit,103,90.0,strain_prestressed,E_max_tensile_total_internal,P1,-7.7,7.788822189613277,15.488822189613277,2.0115353493004253,0.0
snit_c,snit,103,90.0,strain_prestressed,F_max_compressive_total_internal,P2,-7.7,5.046747214877696,12.746747214877697,1.6554217162178826,0.0
snit_c,snit,103,90.0,strain_prestressed,G_max_tensile_incremental_internal,P1,-7.7,1.8888221896132764,9.588822189613277,1.2453015830666592,0.0
snit_c,snit,103,90.0,strain_prestressed,H_max_compressive_incremental_internal,P2,-7.7,-0.8532527851223032,6.846747214877697,0.8891879499841164,1.0
snit_c,snit,103,90.0,strain_prestressed,I_nearest_extreme_compression_total_internal,P2,-7.7,5.046747214877696,12.746747214877697,1.6554217162178826,0.0
snit_c,snit,103,90.0,strain_prestressed,J_nearest_extreme_tension_total_internal,P1,-7.7,7.788822189613277,15.488822189613277,2.0115353493004253,0.0
snit_c,snit,103,90.0,strain_prestressed,K_max_algebraic_legacy_converted_total,P2,-7.7,-5.046747214877696,2.6532527851223042,0.3445782837821174,1.0
snit_c,snit,103,90.0,strain_prestressed,L_min_algebraic_legacy_converted_total,P1,-7.7,-7.788822189613277,-0.08882218961327659,0.011535349300425532,1.0
snit_c,snit,103,180.0,strain_prestressed,A_force_governing_total_legacy,P1,-5.699999999999999,-5.703507249025039,-0.003507249025039627,0.0006153068464981803,1.0
snit_c,snit,103,180.0,strain_prestressed,B_force_governing_incremental_internal,P1,-5.699999999999999,-0.1964927509749605,5.503507249025039,0.9655275875482525,1.0
snit_c,snit,103,180.0,strain_prestressed,C_abs_strain_governing_total_legacy,P1,-5.699999999999999,-5.703507249025039,-0.003507249025039627,0.0006153068464981803,1.0
snit_c,snit,103,180.0,strain_prestressed,D_abs_strain_governing_incremental_internal,P2,-5.699999999999999,-0.19649275097496063,5.503507249025039,0.9655275875482525,1.0
snit_c,snit,103,180.0,strain_prestressed,E_max_tensile_total_internal,P1,-5.699999999999999,5.703507249025039,11.403507249025038,2.0006153068464982,0.0
snit_c,snit,103,180.0,strain_prestressed,F_max_compressive_total_internal,P1,-5.699999999999999,5.703507249025039,11.403507249025038,2.0006153068464982,0.0
snit_c,snit,103,180.0,strain_prestressed,G_max_tensile_incremental_internal,P1,-5.699999999999999,-0.1964927509749605,5.503507249025039,0.9655275875482525,1.0
snit_c,snit,103,180.0,strain_prestressed,H_max_compressive_incremental_internal,P2,-5.699999999999999,-0.19649275097496063,5.503507249025039,0.9655275875482525,1.0
snit_c,snit,103,180.0,strain_prestressed,I_nearest_extreme_compression_total_internal,P2,-5.699999999999999,5.703507249025039,11.403507249025038,2.0006153068464982,0.0
snit_c,snit,103,180.0,strain_prestressed,J_nearest_extreme_tension_total_internal,P1,-5.699999999999999,5.703507249025039,11.403507249025038,2.0006153068464982,0.0
snit_c,snit,103,180.0,strain_prestressed,K_max_algebraic_legacy_converted_total,P1,-5.699999999999999,-5.703507249025039,-0.003507249025039627,0.0006153068464981803,1.0
snit_c,snit,103,180.0,strain_prestressed,L_min_algebraic_legacy_converted_total,P1,-5.699999999999999,-5.703507249025039,-0.003507249025039627,0.0006153068464981803,1.0
snit_c,snit,103,270.0,strain_prestressed,A_force_governing_total_legacy,P1,-6.800000000000001,-3.38100585481087,3.4189941451891306,0.5027932566454604,1.0
snit_c,snit,103,270.0,strain_prestressed,B_force_governing_incremental_internal,P1,-6.800000000000001,-2.51899414518913,4.281005854810871,0.6295596845310104,1.0
snit_c,snit,103,270.0,strain_prestressed,C_abs_strain_governing_total_legacy,P2,-6.800000000000001,-6.832170336843355,-0.03217033684335391,0.004730931888728515,1.0
snit_c,snit,103,270.0,strain_prestressed,D_abs_strain_governing_incremental_internal,P1,-6.800000000000001,-2.51899414518913,4.281005854810871,0.6295596845310104,1.0
snit_c,snit,103,270.0,strain_prestressed,E_max_tensile_total_internal,P2,-6.800000000000001,6.832170336843355,13.632170336843355,2.0047309318887283,0.0
snit_c,snit,103,270.0,strain_prestressed,F_max_compressive_total_internal,P1,-6.800000000000001,3.38100585481087,10.18100585481087,1.4972067433545395,0.0
snit_c,snit,103,270.0,strain_prestressed,G_max_tensile_incremental_internal,P2,-6.800000000000001,0.9321703368433552,7.732170336843356,1.1370838730651993,0.0
snit_c,snit,103,270.0,strain_prestressed,H_max_compressive_incremental_internal,P1,-6.800000000000001,-2.51899414518913,4.281005854810871,0.6295596845310104,1.0
snit_c,snit,103,270.0,strain_prestressed,I_nearest_extreme_compression_total_internal,P1,-6.800000000000001,3.38100585481087,10.18100585481087,1.4972067433545395,0.0
snit_c,snit,103,270.0,strain_prestressed,J_nearest_extreme_tension_total_internal,P2,-6.800000000000001,6.832170336843355,13.632170336843355,2.0047309318887283,0.0
snit_c,snit,103,270.0,strain_prestressed,K_max_algebraic_legacy_converted_total,P1,-6.800000000000001,-3.38100585481087,3.4189941451891306,0.5027932566454604,1.0
snit_c,snit,103,270.0,strain_prestressed,L_min_algebraic_legacy_converted_total,P2,-6.800000000000001,-6.832170336843355,-0.03217033684335391,0.004730931888728515,1.0
snit_c,snit,103,360.0,strain_prestressed,A_force_governing_total_legacy,P1,-5.699999999999999,-5.703507249025038,-0.003507249025038739,0.0006153068464980245,1.0
snit_c,snit,103,360.0,strain_prestressed,B_force_governing_incremental_internal,P1,-5.699999999999999,-0.1964927509749612,5.503507249025038,0.9655275875482524,1.0
snit_c,snit,103,360.0,strain_prestressed,C_abs_strain_governing_total_legacy,P2,-5.699999999999999,-5.703507249025039,-0.003507249025039627,0.0006153068464981803,1.0
snit_c,snit,103,360.0,strain_prestressed,D_abs_strain_governing_incremental_internal,P1,-5.699999999999999,-0.1964927509749612,5.503507249025038,0.9655275875482524,1.0
snit_c,snit,103,360.0,strain_prestressed,E_max_tensile_total_internal,P2,-5.699999999999999,5.703507249025039,11.403507249025038,2.0006153068464982,0.0
snit_c,snit,103,360.0,strain_prestressed,F_max_compressive_total_internal,P1,-5.699999999999999,5.703507249025038,11.403507249025036,2.000615306846498,0.0
snit_c,snit,103,360.0,strain_prestressed,G_max_tensile_incremental_internal,P2,-5.699999999999999,-0.19649275097496074,5.503507249025039,0.9655275875482525,1.0
snit_c,snit,103,360.0,strain_prestressed,H_max_compressive_incremental_internal,P1,-5.699999999999999,-0.1964927509749612,5.503507249025038,0.9655275875482524,1.0
snit_c,snit,103,360.0,strain_prestressed,I_nearest_extreme_compression_total_internal,P1,-5.699999999999999,5.703507249025038,11.403507249025036,2.000615306846498,0.0
snit_c,snit,103,360.0,strain_prestressed,J_nearest_extreme_tension_total_internal,P2,-5.699999999999999,5.703507249025039,11.403507249025038,2.0006153068464982,0.0
snit_c,snit,103,360.0,strain_prestressed,K_max_algebraic_legacy_converted_total,P1,-5.699999999999999,-5.703507249025038,-0.003507249025038739,0.0006153068464980245,1.0
snit_c,snit,103,360.0,strain_prestressed,L_min_algebraic_legacy_converted_total,P2,-5.699999999999999,-5.703507249025039,-0.003507249025039627,0.0006153068464981803,1.0
snit_d,snit,104,0.0,strain_prestressed,A_force_governing_total_legacy,P1,-5.699999999999999,-5.703507249025039,-0.003507249025039627,0.0006153068464981803,1.0
snit_d,snit,104,0.0,strain_prestressed,B_force_governing_incremental_internal,P1,-5.699999999999999,-0.19649275097496063,5.503507249025039,0.9655275875482525,1.0
snit_d,snit,104,0.0,strain_prestressed,C_abs_strain_governing_total_legacy,P1,-5.699999999999999,-5.703507249025039,-0.003507249025039627,0.0006153068464981803,1.0
snit_d,snit,104,0.0,strain_prestressed,D_abs_strain_governing_incremental_internal,P2,-5.699999999999999,-0.19649275097496072,5.503507249025039,0.9655275875482525,1.0
snit_d,snit,104,0.0,strain_prestressed,E_max_tensile_total_internal,P1,-5.699999999999999,5.703507249025039,11.403507249025038,2.0006153068464982,0.0
snit_d,snit,104,0.0,strain_prestressed,F_max_compressive_total_internal,P1,-5.699999999999999,5.703507249025039,11.403507249025038,2.0006153068464982,0.0
snit_d,snit,104,0.0,strain_prestressed,G_max_tensile_incremental_internal,P1,-5.699999999999999,-0.19649275097496063,5.503507249025039,0.9655275875482525,1.0
snit_d,snit,104,0.0,strain_prestressed,H_max_compressive_incremental_internal,P2,-5.699999999999999,-0.19649275097496072,5.503507249025039,0.9655275875482525,1.0
snit_d,snit,104,0.0,strain_prestressed,I_nearest_extreme_compression_total_internal,P2,-5.699999999999999,5.703507249025039,11.403507249025038,2.0006153068464982,0.0
snit_d,snit,104,0.0,strain_prestressed,J_nearest_extreme_tension_total_internal,P1,-5.699999999999999,5.703507249025039,11.403507249025038,2.0006153068464982,0.0
snit_d,snit,104,0.0,strain_prestressed,K_max_algebraic_legacy_converted_total,P1,-5.699999999999999,-5.703507249025039,-0.003507249025039627,0.0006153068464981803,1.0
snit_d,snit,104,0.0,strain_prestressed,L_min_algebraic_legacy_converted_total,P1,-5.699999999999999,-5.703507249025039,-0.003507249025039627,0.0006153068464981803,1.0
snit_d,snit,104,90.0,strain_prestressed,A_force_governing_total_legacy,P1,-5.300000000000001,-5.292817597430669,0.007182402569331892,0.0013551702961003566,1.0
snit_d,snit,104,90.0,strain_prestressed,B_force_governing_incremental_internal,P1,-5.300000000000001,-0.6071824025693304,4.69281759743067,0.8854372825340886,1.0
snit_d,snit,104,90.0,strain_prestressed,C_abs_strain_governing_total_legacy,P1,-5.300000000000001,-5.292817597430669,0.007182402569331892,0.0013551702961003566,1.0
snit_d,snit,104,90.0,strain_prestressed,D_abs_strain_governing_incremental_internal,P2,-5.300000000000001,-2.367743338562203,2.9322566614377976,0.5532559738561882,1.0
snit_d,snit,104,90.0,strain_prestressed,E_max_tensile_total_internal,P1,-5.300000000000001,5.292817597430669,10.59281759743067,1.9986448297039,0.0
snit_d,snit,104,90.0,strain_prestressed,F_max_compressive_total_internal,P2,-5.300000000000001,3.5322566614377964,8.832256661437796,1.666463521025999,0.0
snit_d,snit,104,90.0,strain_prestressed,G_max_tensile_incremental_internal,P1,-5.300000000000001,-0.6071824025693304,4.69281759743067,0.8854372825340886,1.0
snit_d,snit,104,90.0,strain_prestressed,H_max_compressive_incremental_internal,P2,-5.300000000000001,-2.367743338562203,2.9322566614377976,0.5532559738561882,1.0
snit_d,snit,104,90.0,strain_prestressed,I_nearest_extreme_compression_total_internal,P2,-5.300000000000001,3.5322566614377964,8.832256661437796,1.666463521025999,0.0
snit_d,snit,104,90.0,strain_prestressed,J_nearest_extreme_tension_total_internal,P1,-5.300000000000001,5.292817597430669,10.59281759743067,1.9986448297039,0.0
snit_d,snit,104,90.0,strain_prestressed,K_max_algebraic_legacy_converted_total,P2,-5.300000000000001,-3.5322566614377964,1.7677433385622043,0.3335364789740008,1.0
snit_d,snit,104,90.0,strain_prestressed,L_min_algebraic_legacy_converted_total,P1,-5.300000000000001,-5.292817597430669,0.007182402569331892,0.0013551702961003566,1.0
snit_d,snit,104,180.0,strain_prestressed,A_force_governing_total_legacy,P1,-5.699999999999999,-5.703507249025039,-0.003507249025039627,0.0006153068464981803,1.0
snit_d,snit,104,180.0,strain_prestressed,B_force_governing_incremental_internal,P1,-5.699999999999999,-0.19649275097496063,5.503507249025039,0.9655275875482525,1.0
snit_d,snit,104,180.0,strain_prestressed,C_abs_strain_governing_total_legacy,P1,-5.699999999999999,-5.703507249025039,-0.003507249025039627,0.0006153068464981803,1.0
snit_d,snit,104,180.0,strain_prestressed,D_abs_strain_governing_incremental_internal,P2,-5.699999999999999,-0.19649275097496072,5.503507249025039,0.9655275875482525,1.0
snit_d,snit,104,180.0,strain_prestressed,E_max_tensile_total_internal,P1,-5.699999999999999,5.703507249025039,11.403507249025038,2.0006153068464982,0.0
snit_d,snit,104,180.0,strain_prestressed,F_max_compressive_total_internal,P1,-5.699999999999999,5.703507249025039,11.403507249025038,2.0006153068464982,0.0
snit_d,snit,104,180.0,strain_prestressed,G_max_tensile_incremental_internal,P1,-5.699999999999999,-0.19649275097496063,5.503507249025039,0.9655275875482525,1.0
snit_d,snit,104,180.0,strain_prestressed,H_max_compressive_incremental_internal,P2,-5.699999999999999,-0.19649275097496072,5.503507249025039,0.9655275875482525,1.0
snit_d,snit,104,180.0,strain_prestressed,I_nearest_extreme_compression_total_internal,P2,-5.699999999999999,5.703507249025039,11.403507249025038,2.0006153068464982,0.0
snit_d,snit,104,180.0,strain_prestressed,J_nearest_extreme_tension_total_internal,P1,-5.699999999999999,5.703507249025039,11.403507249025038,2.0006153068464982,0.0
snit_d,snit,104,180.0,strain_prestressed,K_max_algebraic_legacy_converted_total,P1,-5.699999999999999,-5.703507249025039,-0.003507249025039627,0.0006153068464981803,1.0
snit_d,snit,104,180.0,strain_prestressed,L_min_algebraic_legacy_converted_total,P1,-5.699999999999999,-5.703507249025039,-0.003507249025039627,0.0006153068464981803,1.0
lc3,tbeam,3,2.0,strain_prestressed,A_force_governing_total_legacy,P2,8.553,-3.8639037681723334,-12.416903768172334,1.4517600570761526,0.0
lc3,tbeam,3,2.0,strain_prestressed,B_force_governing_incremental_internal,P2,8.553,-0.13609623182766678,-8.689096231827667,1.0159121047384154,0.0
lc3,tbeam,3,2.0,strain_prestressed,C_abs_strain_governing_total_legacy,P2,8.553,-3.8639037681723334,-12.416903768172334,1.4517600570761526,0.0
lc3,tbeam,3,2.0,strain_prestressed,D_abs_strain_governing_incremental_internal,P1,8.553,-0.16587887845808308,-8.718878878458083,1.0193942334219668,0.0
lc3,tbeam,3,2.0,strain_prestressed,E_max_tensile_total_internal,P2,8.553,3.8639037681723334,-4.689096231827667,0.5482399429238474,1.0
lc3,tbeam,3,2.0,strain_prestressed,F_max_compressive_total_internal,P1,8.553,3.834121121541917,-4.718878878458083,0.551722071607399,1.0
lc3,tbeam,3,2.0,strain_prestressed,G_max_tensile_incremental_internal,P2,8.553,-0.13609623182766678,-8.689096231827667,1.0159121047384154,0.0
lc3,tbeam,3,2.0,strain_prestressed,H_max_compressive_incremental_internal,P1,8.553,-0.16587887845808308,-8.718878878458083,1.0193942334219668,0.0
lc3,tbeam,3,2.0,strain_prestressed,I_nearest_extreme_compression_total_internal,P1,8.553,3.834121121541917,-4.718878878458083,0.551722071607399,1.0
lc3,tbeam,3,2.0,strain_prestressed,J_nearest_extreme_tension_total_internal,P2,8.553,3.8639037681723334,-4.689096231827667,0.5482399429238474,1.0
lc3,tbeam,3,2.0,strain_prestressed,K_max_algebraic_legacy_converted_total,P1,8.553,-3.834121121541917,-12.387121121541918,1.448277928392601,0.0
lc3,tbeam,3,2.0,strain_prestressed,L_min_algebraic_legacy_converted_total,P2,8.553,-3.8639037681723334,-12.416903768172334,1.4517600570761526,0.0
lc3,tbeam,3,5.0,strain_prestressed,A_force_governing_total_legacy,P2,10.612,-3.9480700613844224,-14.560070061384423,1.3720382643596327,0.0
lc3,tbeam,3,5.0,strain_prestressed,B_force_governing_incremental_internal,P2,10.612,-0.05192993861557729,-10.663929938615578,1.0048935109890291,0.0
lc3,tbeam,3,5.0,strain_prestressed,C_abs_strain_governing_total_legacy,P2,10.612,-3.9480700613844224,-14.560070061384423,1.3720382643596327,0.0
lc3,tbeam,3,5.0,strain_prestressed,D_abs_strain_governing_incremental_internal,P1,10.612,-0.12313398808904967,-10.73513398808905,1.0116032781840416,0.0
lc3,tbeam,3,5.0,strain_prestressed,E_max_tensile_total_internal,P2,10.612,3.9480700613844224,-6.663929938615578,0.6279617356403673,1.0
lc3,tbeam,3,5.0,strain_prestressed,F_max_compressive_total_internal,P1,10.612,3.8768660119109506,-6.73513398808905,0.6346715028353798,1.0
lc3,tbeam,3,5.0,strain_prestressed,G_max_tensile_incremental_internal,P2,10.612,-0.05192993861557729,-10.663929938615578,1.0048935109890291,0.0
lc3,tbeam,3,5.0,strain_prestressed,H_max_compressive_incremental_internal,P1,10.612,-0.12313398808904967,-10.73513398808905,1.0116032781840416,0.0
lc3,tbeam,3,5.0,strain_prestressed,I_nearest_extreme_compression_total_internal,P1,10.612,3.8768660119109506,-6.73513398808905,0.6346715028353798,1.0
lc3,tbeam,3,5.0,strain_prestressed,J_nearest_extreme_tension_total_internal,P2,10.612,3.9480700613844224,-6.663929938615578,0.6279617356403673,1.0
lc3,tbeam,3,5.0,strain_prestressed,K_max_algebraic_legacy_converted_total,P1,10.612,-3.8768660119109506,-14.48886601191095,1.3653284971646202,0.0
lc3,tbeam,3,5.0,strain_prestressed,L_min_algebraic_legacy_converted_total,P2,10.612,-3.9480700613844224,-14.560070061384423,1.3720382643596327,0.0
lc3,tbeam,3,8.0,strain_prestressed,A_force_governing_total_legacy,P2,12.465,-4.034808146753251,-16.499808146753253,1.323690986502467,0.0
lc3,tbeam,3,8.0,strain_prestressed,B_force_governing_incremental_internal,P2,12.465,0.034808146753251244,-12.430191853246749,0.9972075293418972,1.0
lc3,tbeam,3,8.0,strain_prestressed,C_abs_strain_governing_total_legacy,P2,12.465,-4.034808146753251,-16.499808146753253,1.323690986502467,0.0
lc3,tbeam,3,8.0,strain_prestressed,D_abs_strain_governing_incremental_internal,P1,12.465,-0.0748148393753479,-12.539814839375348,1.0060019927296708,0.0
lc3,tbeam,3,8.0,strain_prestressed,E_max_tensile_total_internal,P2,12.465,4.034808146753251,-8.430191853246749,0.676309013497533,1.0
lc3,tbeam,3,8.0,strain_prestressed,F_max_compressive_total_internal,P1,12.465,3.9251851606246517,-8.539814839375348,0.6851034768853067,1.0
lc3,tbeam,3,8.0,strain_prestressed,G_max_tensile_incremental_internal,P2,12.465,0.034808146753251244,-12.430191853246749,0.9972075293418972,1.0
lc3,tbeam,3,8.0,strain_prestressed,H_max_compressive_incremental_internal,P1,12.465,-0.0748148393753479,-12.539814839375348,1.0060019927296708,0.0
lc3,tbeam,3,8.0,strain_prestressed,I_nearest_extreme_compression_total_internal,P1,12.465,3.9251851606246517,-8.539814839375348,0.6851034768853067,1.0
lc3,tbeam,3,8.0,strain_prestressed,J_nearest_extreme_tension_total_internal,P2,12.465,4.034808146753251,-8.430191853246749,0.676309013497533,1.0
lc3,tbeam,3,8.0,strain_prestressed,K_max_algebraic_legacy_converted_total,P1,12.465,-3.9251851606246517,-16.39018516062465,1.3148965231146932,0.0
lc3,tbeam,3,8.0,strain_prestressed,L_min_algebraic_legacy_converted_total,P2,12.465,-4.034808146753251,-16.499808146753253,1.323690986502467,0.0
lc4,tbeam,4,5.0,strain_prestressed,A_force_governing_total_legacy,P2,6.998,-3.6198706328867374,-10.617870632886738,1.5172721681747268,0.0
lc4,tbeam,4,5.0,strain_prestressed,B_force_governing_incremental_internal,P2,6.998,-0.38012936711326295,-7.378129367113263,1.054319715220529,0.0
lc4,tbeam,4,5.0,strain_prestressed,C_abs_strain_governing_total_legacy,P2,6.998,-3.6198706328867374,-10.617870632886738,1.5172721681747268,0.0
lc4,tbeam,4,5.0,strain_prestressed,D_abs_strain_governing_incremental_internal,P1,6.998,-0.4445559648737816,-7.442555964873781,1.0635261453092,0.0
lc4,tbeam,4,5.0,strain_prestressed,E_max_tensile_total_internal,P2,6.998,3.6198706328867374,-3.378129367113263,0.48272783182527335,1.0
lc4,tbeam,4,5.0,strain_prestressed,F_max_compressive_total_internal,P1,6.998,3.5554440351262184,-3.442555964873782,0.49193426191394424,1.0
lc4,tbeam,4,5.0,strain_prestressed,G_max_tensile_incremental_internal,P2,6.998,-0.38012936711326295,-7.378129367113263,1.054319715220529,0.0
lc4,tbeam,4,5.0,strain_prestressed,H_max_compressive_incremental_internal,P1,6.998,-0.4445559648737816,-7.442555964873781,1.0635261453092,0.0
lc4,tbeam,4,5.0,strain_prestressed,I_nearest_extreme_compression_total_internal,P1,6.998,3.5554440351262184,-3.442555964873782,0.49193426191394424,1.0
lc4,tbeam,4,5.0,strain_prestressed,J_nearest_extreme_tension_total_internal,P2,6.998,3.6198706328867374,-3.378129367113263,0.48272783182527335,1.0
lc4,tbeam,4,5.0,strain_prestressed,K_max_algebraic_legacy_converted_total,P1,6.998,-3.5554440351262184,-10.553444035126219,1.5080657380860558,0.0
lc4,tbeam,4,5.0,strain_prestressed,L_min_algebraic_legacy_converted_total,P2,6.998,-3.6198706328867374,-10.617870632886738,1.5172721681747268,0.0
lc4,tbeam,4,10.0,strain_prestressed,A_force_governing_total_legacy,P2,11.161,-3.752624578765755,-14.913624578765754,1.3362265548576073,0.0
lc4,tbeam,4,10.0,strain_prestressed,B_force_governing_incremental_internal,P2,11.161,-0.247375421234245,-11.408375421234245,1.0221642703372678,0.0
lc4,tbeam,4,10.0,strain_prestressed,C_abs_strain_governing_total_legacy,P2,11.161,-3.752624578765755,-14.913624578765754,1.3362265548576073,0.0
lc4,tbeam,4,10.0,strain_prestressed,D_abs_strain_governing_incremental_internal,P1,11.161,-0.368607176652952,-11.529607176652952,1.0330263575533511,0.0
lc4,tbeam,4,10.0,strain_prestressed,E_max_tensile_total_internal,P2,11.161,3.752624578765755,-7.408375421234245,0.6637734451423928,1.0
lc4,tbeam,4,10.0,strain_prestressed,F_max_compressive_total_internal,P1,11.161,3.6313928233470483,-7.529607176652951,0.6746355323584761,1.0
lc4,tbeam,4,10.0,strain_prestressed,G_max_tensile_incremental_internal,P2,11.161,-0.247375421234245,-11.408375421234245,1.0221642703372678,0.0
lc4,tbeam,4,10.0,strain_prestressed,H_max_compressive_incremental_internal,P1,11.161,-0.368607176652952,-11.529607176652952,1.0330263575533511,0.0
lc4,tbeam,4,10.0,strain_prestressed,I_nearest_extreme_compression_total_internal,P1,11.161,3.6313928233470483,-7.529607176652951,0.6746355323584761,1.0
lc4,tbeam,4,10.0,strain_prestressed,J_nearest_extreme_tension_total_internal,P2,11.161,3.752624578765755,-7.408375421234245,0.6637734451423928,1.0
lc4,tbeam,4,10.0,strain_prestressed,K_max_algebraic_legacy_converted_total,P1,11.161,-3.6313928233470483,-14.792392823347047,1.325364467641524,0.0
lc4,tbeam,4,10.0,strain_prestressed,L_min_algebraic_legacy_converted_total,P2,11.161,-3.752624578765755,-14.913624578765754,1.3362265548576073,0.0
lc4,tbeam,4,15.0,strain_prestressed,A_force_governing_total_legacy,P2,16.003,-3.87763145785075,-19.88063145785075,1.2423065336406143,0.0
lc4,tbeam,4,15.0,strain_prestressed,B_force_governing_incremental_internal,P2,16.003,-0.12236854214925033,-16.12536854214925,1.0076466001468005,0.0
lc4,tbeam,4,15.0,strain_prestressed,C_abs_strain_governing_total_legacy,P2,16.003,-3.87763145785075,-19.88063145785075,1.2423065336406143,0.0
lc4,tbeam,4,15.0,strain_prestressed,D_abs_strain_governing_incremental_internal,P1,16.003,-0.2950694780265682,-16.29806947802657,1.0184383851794394,0.0
lc4,tbeam,4,15.0,strain_prestressed,E_max_tensile_total_internal,P2,16.003,3.87763145785075,-12.12536854214925,0.7576934663593857,1.0
lc4,tbeam,4,15.0,strain_prestressed,F_max_compressive_total_internal,P1,16.003,3.7049305219734316,-12.29806947802657,0.7684852513920246,1.0
lc4,tbeam,4,15.0,strain_prestressed,G_max_tensile_incremental_internal,P2,16.003,-0.12236854214925033,-16.12536854214925,1.0076466001468005,0.0
lc4,tbeam,4,15.0,strain_prestressed,H_max_compressive_incremental_internal,P1,16.003,-0.2950694780265682,-16.29806947802657,1.0184383851794394,0.0
lc4,tbeam,4,15.0,strain_prestressed,I_nearest_extreme_compression_total_internal,P1,16.003,3.7049305219734316,-12.29806947802657,0.7684852513920246,1.0
lc4,tbeam,4,15.0,strain_prestressed,J_nearest_extreme_tension_total_internal,P2,16.003,3.87763145785075,-12.12536854214925,0.7576934663593857,1.0
lc4,tbeam,4,15.0,strain_prestressed,K_max_algebraic_legacy_converted_total,P1,16.003,-3.7049305219734316,-19.70793052197343,1.2315147486079754,0.0
lc4,tbeam,4,15.0,strain_prestressed,L_min_algebraic_legacy_converted_total,P2,16.003,-3.87763145785075,-19.88063145785075,1.2423065336406143,0.0
